{
  "inputNodes": 16,
  "hiddenNodes": 16,
  "outputNodes": 3,
  "weightsHidden": {
    "rows": 16,
    "cols": 16,
    "data": [
      [
        -0.895182566665117,
        0.9210489040236978,
        -0.7393447128479012,
        0.5058988555594164,
        -0.31460899665953646,
        0.20584066887159674,
        0.1744102081718081,
        0.3621212342927005,
        0.10641180179211229,
        0.8999999999999999,
        0.03863981620647765,
        0.3880365044485097,
        -0.4189108462031291,
        -0.6520236227086033,
        0.1992588780128431,
        -0.7300038054227957
      ],
      [
        0.15633695883883103,
        0.820559428268568,
        0.08718164862680373,
        0.675140578030913,
        -0.0074693023593441765,
        0.624546307020942,
        -0.8151288063294522,
        -0.39462470973417174,
        0.46129969188467806,
        -0.13970284746199785,
        -0.8577316014295047,
        0.8897862026795078,
        -0.51611894443753,
        0.9070997503939608,
        -0.10528577088994472,
        -0.7877431871244021
      ],
      [
        -0.772266331709679,
        -0.6981586173879994,
        0.45622934385667246,
        0.9938455555142021,
        0.9011465413340805,
        0.46063713273746787,
        0.8726600176740742,
        0.3706225890543342,
        0.20802908135903636,
        -0.7511947372741008,
        -0.6605072405211656,
        -0.37148521829939163,
        0.907616350227755,
        0.8873212827123897,
        -0.3068559807274217,
        0.9381802129671775
      ],
      [
        -0.4345726413221995,
        -0.003490886355747763,
        -0.4766778340758613,
        0.025627119087546557,
        0.6804011688997949,
        0.8875235810422679,
        -0.17604512598212202,
        -0.8597010868237087,
        0.3841092422192247,
        -0.2805591853180423,
        0.5192036167905438,
        0.25652955273324574,
        -0.26695264528576645,
        0.37057505900923654,
        -0.6147742813329897,
        0.20618535672808802
      ],
      [
        0.7790742656458927,
        -0.8245085203633562,
        0.7762739756424273,
        0.20001172615802887,
        -0.7853501971608328,
        -0.5325120739971325,
        0.36225593169097525,
        -0.2629499200377272,
        0.5567058085845384,
        0.6290526112395536,
        0.7152922773330683,
        -0.3061871473403525,
        -0.21149809002063158,
        0.7963661929166905,
        0.008319104039290343,
        0.8034370359812686
      ],
      [
        -0.28526615304176683,
        0.5590091880975179,
        -0.13505146933927287,
        0.8077445763019295,
        -0.2938759936285436,
        -0.09650400575350888,
        0.8972872462753732,
        -0.34836963832069434,
        -0.8186531725829986,
        0.6735626661035499,
        -0.010638111644312956,
        0.20676928880743822,
        -0.1118716043411105,
        -0.16987117077042663,
        -0.39429881446707254,
        0.7491918938935285
      ],
      [
        0.33850593818984864,
        -0.4656037838347785,
        0.7894155945215442,
        -0.6514629307878421,
        -0.4775498479776183,
        -0.5186805162355845,
        -0.7774685419173399,
        0.614549840340501,
        -0.23497355081801696,
        0.5776201225602897,
        -0.25630779554707067,
        0.30399981015715793,
        0.07471375878730643,
        0.16424430430928982,
        -0.6005147840466571,
        0.7217530499535008
      ],
      [
        0.08002594496311435,
        -0.26764560195494447,
        -0.7186800365536221,
        -0.3074260411231092,
        0.07789341023506217,
        -0.31760353643500805,
        -0.9741709734064801,
        0.9439824646593011,
        -0.8756515888905971,
        -0.8679637582168396,
        -0.8964647168786579,
        -0.6581821273912867,
        -0.4648238493693694,
        0.9577670217724132,
        -0.756702609661789,
        1
      ],
      [
        0.9071975080996102,
        0.43055231422159573,
        0.1643997362046803,
        -0.23703029628742367,
        -0.7374104939514305,
        -0.18930063776523037,
        0.9439638254401366,
        0.2811152716356754,
        0.0813663365935799,
        -0.2714967032846299,
        -0.0729837719603954,
        0.23147288829279572,
        -0.2583166596887175,
        0.33770949939155975,
        -0.5299802200320642,
        0.6550082815980434
      ],
      [
        -0.2980637857392807,
        0.5925317751798242,
        0.8211035710381545,
        -0.8162566686894805,
        0.6098447176455402,
        -0.7033053748659788,
        -0.14854175683408916,
        -0.22493639837930957,
        -0.1188600206015173,
        -0.6855534209301146,
        0.9123211928122228,
        -0.7680251903481077,
        0.7781949403717039,
        0.6172111670020155,
        -0.19827839783700874,
        -0.95
      ],
      [
        -0.8061844224726238,
        -0.2503340494092474,
        -0.28498969015013725,
        -0.1476292217582877,
        0.27791588375996323,
        -1,
        -0.12919661810116345,
        -0.16248005344127464,
        0.2876168126494322,
        -0.37820654792654557,
        -0.30738516846675434,
        0.010678734325211978,
        -0.4996956355624396,
        -0.7676098281511217,
        0.08934480634426549,
        -0.5232616946506528
      ],
      [
        -0.8373888388121258,
        -0.2648284878760457,
        -0.7210975727099305,
        -0.460829057694872,
        -0.3711737268931303,
        -0.8428410785420661,
        0.7477487345191898,
        -0.7268369238770636,
        0.5242773245403618,
        -0.38099655721587594,
        1,
        -0.5710319310887815,
        0.0007170227127393652,
        -0.28913255650024644,
        0.039985379489725664,
        -0.5834899506391278
      ],
      [
        0.3566482158534063,
        -0.1947442059514069,
        0.7133565065159992,
        -0.05985352434987057,
        0.95,
        0.19099581487342476,
        -0.10928046837318695,
        0.4513057688277376,
        -0.6828295117582555,
        -0.23791748276198393,
        -0.927686364169303,
        -0.7680177543637672,
        0.2713592003225284,
        -0.9428327546600983,
        -0.1645576556115202,
        -0.08498275215978808
      ],
      [
        -0.1768388655855621,
        0.16538648372098114,
        -0.08651515648809527,
        0.17667135853973592,
        0.38735653889065524,
        -0.8311512441844189,
        0.3190594479990101,
        0.5876552841911578,
        0.257564821541486,
        0.5636848273504615,
        -0.4914328584342134,
        0.5634571043863703,
        0.6238999913740635,
        -0.198798459181533,
        0.31518939937517854,
        0.6043659853925192
      ],
      [
        0.984972888626324,
        -0.8563927890982879,
        0.5437087121274589,
        -0.12876487620465255,
        -0.30417548019903584,
        0.05776078886169715,
        0.05356636056188169,
        -0.8499999999999999,
        -0.3488708744370115,
        -0.40763145062468,
        -0.41350447006526875,
        0.8906320361158471,
        0.041056875613201704,
        -0.1926994451299966,
        0.8716921312062307,
        -0.9122817158555352
      ],
      [
        0.025969771501751907,
        -0.37900185379455803,
        0.21434353522227817,
        -0.8285877791963496,
        -0.07839334942212232,
        -0.8791356458406328,
        -0.34399460710023577,
        -0.7990794493164013,
        -0.19394523169624406,
        1,
        -0.7676211962982662,
        -0.5763799095800051,
        0.13624145691025263,
        -0.8964975307010539,
        0.5603409771572998,
        -0.910126791847125
      ]
    ]
  },
  "weightsOutput": {
    "rows": 3,
    "cols": 16,